{
  "publicPath": "/dist/",
  "all": [
    "0.67121668cfabf69b9c03.js",
    "1.99b45f152b868eb51a2d.js",
    "2.cdf8c17a04258053c116.js",
    "3.8d551fd69de01071542d.js",
    "4.d5b57f8d361313df3200.js",
    "vendor.7e55d7bb0f84e801cd24.js",
    "app.5998783417a3652483e3.js",
    "manifest.ff6f7ea131220eb4122f.js",
    "common.5998783417a3652483e3.css"
  ],
  "initial": [
    "manifest.ff6f7ea131220eb4122f.js",
    "vendor.7e55d7bb0f84e801cd24.js",
    "app.5998783417a3652483e3.js"
  ],
  "async": [
    "0.67121668cfabf69b9c03.js",
    "1.99b45f152b868eb51a2d.js",
    "2.cdf8c17a04258053c116.js",
    "3.8d551fd69de01071542d.js",
    "4.d5b57f8d361313df3200.js"
  ],
  "modules": {
    "23550361": [
      1
    ],
    "32240468": [
      6,
      8
    ],
    "819f881a": [
      5
    ],
    "4a4aa5a0": [
      5
    ],
    "19dc6410": [
      5
    ],
    "977c5788": [
      5
    ],
    "dda84ef4": [
      5
    ],
    "4b082728": [
      6,
      8
    ],
    "30fa2c1c": [
      5
    ],
    "75e6d510": [
      5
    ],
    "2f57713f": [
      5
    ],
    "b6af06c2": [
      5
    ],
    "8ca20f3e": [
      5
    ],
    "4eef056a": [
      6,
      8
    ],
    "77f44c87": [
      6,
      8
    ],
    "5736fb69": [
      5
    ],
    "13c91298": [
      6,
      8
    ],
    "7ab38711": [
      6,
      8
    ],
    "299cb769": [
      6,
      8
    ],
    "27868e0e": [
      6,
      8
    ],
    "a9dbb3d4": [
      6,
      8
    ],
    "6743138c": [
      6,
      8
    ],
    "621335d8": [
      5
    ],
    "239bac90": [
      5
    ],
    "c1d30848": [
      5
    ],
    "3b9c2ec0": [
      5
    ],
    "2fab8371": [
      2
    ],
    "d204e43a": [
      2
    ],
    "c6fa0ac0": [
      2
    ],
    "18ab02e3": [
      2
    ],
    "325b4677": [
      0
    ],
    "dcec3f58": [
      0
    ],
    "45cb4cc7": [
      0
    ],
    "e68153b8": [
      0
    ],
    "ce7705e6": [
      0
    ],
    "5d78d25b": [
      0
    ],
    "7c7068d0": [
      0
    ],
    "44b3f2d3": [
      0
    ],
    "3222da01": [
      0
    ],
    "66a5ebf3": [
      0
    ],
    "54c648fe": [
      3
    ],
    "7dbe53f3": [
      3
    ],
    "9886a5b6": [
      3
    ],
    "8f392e30": [
      3
    ],
    "0f45f1b0": [
      4
    ],
    "2749b3f6": [
      4
    ],
    "0d8b2b81": [
      4
    ],
    "5b7ac21e": [
      4
    ],
    "03ab0078": [
      1
    ],
    "df346422": [
      1
    ],
    "00690af2": [
      1
    ],
    "4a5a0178": [
      1
    ],
    "fe192356": [
      1
    ],
    "7c625f78": [
      1
    ],
    "6ab05f3e": [
      1
    ],
    "69de4648": [
      2
    ],
    "550dcc5f": [
      0
    ],
    "5e90824d": [
      3
    ],
    "651361e5": [
      4
    ],
    "31fe7622": [
      1
    ]
  }
}