{
  "publicPath": "/dist/",
  "all": [
    "0.12589d253d9530d98ed0.js",
    "1.d53924c5bf9ed4beab71.js",
    "2.2daec8bf266eb4506cb5.js",
    "3.c1cd05f94298aec70264.js",
    "vendor.2b90f2e7b6d393e8ecf3.js",
    "app.32a4004cbbef5c06af9f.js",
    "manifest.76698a7d1e3f497840c2.js",
    "common.32a4004cbbef5c06af9f.css"
  ],
  "initial": [
    "manifest.76698a7d1e3f497840c2.js",
    "vendor.2b90f2e7b6d393e8ecf3.js",
    "app.32a4004cbbef5c06af9f.js"
  ],
  "async": [
    "0.12589d253d9530d98ed0.js",
    "1.d53924c5bf9ed4beab71.js",
    "2.2daec8bf266eb4506cb5.js",
    "3.c1cd05f94298aec70264.js"
  ],
  "modules": {
    "32240468": [
      5,
      7
    ],
    "55110682": [
      0
    ],
    "819f881a": [
      4
    ],
    "4a4aa5a0": [
      4
    ],
    "19dc6410": [
      4
    ],
    "977c5788": [
      4
    ],
    "dda84ef4": [
      4
    ],
    "28b7810b": [
      5,
      7
    ],
    "30fa2c1c": [
      4
    ],
    "75e6d510": [
      4
    ],
    "2f57713f": [
      4
    ],
    "b6af06c2": [
      4
    ],
    "8ca20f3e": [
      4
    ],
    "4cc8ab1e": [
      5,
      7
    ],
    "02a0f18e": [
      5,
      7
    ],
    "5736fb69": [
      4
    ],
    "2b17dd44": [
      5,
      7
    ],
    "6f0c21bb": [
      5,
      7
    ],
    "299cb769": [
      5,
      7
    ],
    "27868e0e": [
      5,
      7
    ],
    "a9dbb3d4": [
      5,
      7
    ],
    "6743138c": [
      5,
      7
    ],
    "621335d8": [
      4
    ],
    "239bac90": [
      4
    ],
    "c1d30848": [
      4
    ],
    "3b9c2ec0": [
      4
    ],
    "76cf486a": [
      1
    ],
    "43bd5a48": [
      1
    ],
    "50e0ab08": [
      1
    ],
    "65ee996a": [
      1
    ],
    "63805a12": [
      0
    ],
    "7aa21822": [
      0
    ],
    "807068a8": [
      0
    ],
    "948d156e": [
      0
    ],
    "25c8e97c": [
      0
    ],
    "6cbcf2d9": [
      0
    ],
    "10c32771": [
      0
    ],
    "1e5f22f3": [
      0
    ],
    "41190ac1": [
      0
    ],
    "0af2a2cf": [
      0
    ],
    "3f75b4c1": [
      0
    ],
    "54c648fe": [
      2
    ],
    "7dbe53f3": [
      2
    ],
    "9886a5b6": [
      2
    ],
    "8f392e30": [
      2
    ],
    "0f45f1b0": [
      3
    ],
    "2749b3f6": [
      3
    ],
    "0d8b2b81": [
      3
    ],
    "5b7ac21e": [
      3
    ],
    "474db41c": [
      1
    ],
    "62730a94": [
      0
    ],
    "5e90824d": [
      2
    ],
    "651361e5": [
      3
    ]
  }
}