{
  "publicPath": "/dist/",
  "all": [
    "0.275225f1cb692748e7ed.js",
    "1.05126978a5f9fa508211.js",
    "2.b1daaa14eac3cba6550a.js",
    "3.24f687202636dcce9713.js",
    "vendor.2b90f2e7b6d393e8ecf3.js",
    "app.278c35134c6a2d35c369.js",
    "manifest.85e094bcf59401ef803d.js",
    "common.278c35134c6a2d35c369.css"
  ],
  "initial": [
    "manifest.85e094bcf59401ef803d.js",
    "vendor.2b90f2e7b6d393e8ecf3.js",
    "app.278c35134c6a2d35c369.js"
  ],
  "async": [
    "0.275225f1cb692748e7ed.js",
    "1.05126978a5f9fa508211.js",
    "2.b1daaa14eac3cba6550a.js",
    "3.24f687202636dcce9713.js"
  ],
  "modules": {
    "32240468": [
      5,
      7
    ],
    "819f881a": [
      4
    ],
    "4a4aa5a0": [
      4
    ],
    "19dc6410": [
      4
    ],
    "977c5788": [
      4
    ],
    "dda84ef4": [
      4
    ],
    "130279c8": [
      5,
      7
    ],
    "30fa2c1c": [
      4
    ],
    "75e6d510": [
      4
    ],
    "2f57713f": [
      4
    ],
    "b6af06c2": [
      4
    ],
    "8ca20f3e": [
      4
    ],
    "74bd3df8": [
      5,
      7
    ],
    "c47af5d6": [
      5,
      7
    ],
    "5736fb69": [
      4
    ],
    "2b17dd44": [
      5,
      7
    ],
    "6f0c21bb": [
      5,
      7
    ],
    "299cb769": [
      5,
      7
    ],
    "27868e0e": [
      5,
      7
    ],
    "a9dbb3d4": [
      5,
      7
    ],
    "6743138c": [
      5,
      7
    ],
    "621335d8": [
      4
    ],
    "239bac90": [
      4
    ],
    "c1d30848": [
      4
    ],
    "3b9c2ec0": [
      4
    ],
    "76cf486a": [
      1
    ],
    "43bd5a48": [
      1
    ],
    "0862cd91": [
      1
    ],
    "f6ea5458": [
      1
    ],
    "325b4677": [
      0
    ],
    "dcec3f58": [
      0
    ],
    "25c8e97c": [
      0
    ],
    "6cbcf2d9": [
      0
    ],
    "53f2ab5e": [
      0
    ],
    "ca8a00c2": [
      0
    ],
    "1e5f22f3": [
      0
    ],
    "41190ac1": [
      0
    ],
    "5cc7a163": [
      0
    ],
    "dd6a9956": [
      0
    ],
    "54c648fe": [
      2
    ],
    "7dbe53f3": [
      2
    ],
    "9886a5b6": [
      2
    ],
    "8f392e30": [
      2
    ],
    "0f45f1b0": [
      3
    ],
    "2749b3f6": [
      3
    ],
    "0d8b2b81": [
      3
    ],
    "5b7ac21e": [
      3
    ],
    "6ee00c10": [
      1
    ],
    "0774d28e": [
      0
    ],
    "5e90824d": [
      2
    ],
    "651361e5": [
      3
    ]
  }
}