{
  "publicPath": "/dist/",
  "all": [
    "0.284bbec46d1fdb1fb485.js",
    "1.475ffcea7e41b7686cee.js",
    "2.2c926897ecaa9f9875b0.js",
    "3.2179978689e29e21ba26.js",
    "4.a84376a96596d3b1e1f5.js",
    "vendor.7e55d7bb0f84e801cd24.js",
    "app.cfc494bfd8b5a139ec0e.js",
    "manifest.965fa044bb99833a6621.js",
    "common.cfc494bfd8b5a139ec0e.css"
  ],
  "initial": [
    "manifest.965fa044bb99833a6621.js",
    "vendor.7e55d7bb0f84e801cd24.js",
    "app.cfc494bfd8b5a139ec0e.js"
  ],
  "async": [
    "0.284bbec46d1fdb1fb485.js",
    "1.475ffcea7e41b7686cee.js",
    "2.2c926897ecaa9f9875b0.js",
    "3.2179978689e29e21ba26.js",
    "4.a84376a96596d3b1e1f5.js"
  ],
  "modules": {
    "32240468": [
      6,
      8
    ],
    "819f881a": [
      5
    ],
    "4a4aa5a0": [
      5
    ],
    "19dc6410": [
      5
    ],
    "977c5788": [
      5
    ],
    "dda84ef4": [
      5
    ],
    "4b082728": [
      6,
      8
    ],
    "30fa2c1c": [
      5
    ],
    "75e6d510": [
      5
    ],
    "2f57713f": [
      5
    ],
    "b6af06c2": [
      5
    ],
    "8ca20f3e": [
      5
    ],
    "4eef056a": [
      6,
      8
    ],
    "77f44c87": [
      6,
      8
    ],
    "5736fb69": [
      5
    ],
    "13c91298": [
      6,
      8
    ],
    "7ab38711": [
      6,
      8
    ],
    "299cb769": [
      6,
      8
    ],
    "27868e0e": [
      6,
      8
    ],
    "a9dbb3d4": [
      6,
      8
    ],
    "6743138c": [
      6,
      8
    ],
    "621335d8": [
      5
    ],
    "239bac90": [
      5
    ],
    "c1d30848": [
      5
    ],
    "3b9c2ec0": [
      5
    ],
    "2fab8371": [
      2
    ],
    "d204e43a": [
      2
    ],
    "c6fa0ac0": [
      2
    ],
    "18ab02e3": [
      2
    ],
    "325b4677": [
      0
    ],
    "dcec3f58": [
      0
    ],
    "45cb4cc7": [
      0
    ],
    "e68153b8": [
      0
    ],
    "ce7705e6": [
      0
    ],
    "5d78d25b": [
      0
    ],
    "7c7068d0": [
      0
    ],
    "44b3f2d3": [
      0
    ],
    "3222da01": [
      0
    ],
    "66a5ebf3": [
      0
    ],
    "5aa7ad6e": [
      3
    ],
    "02c925e0": [
      3
    ],
    "6778d4b0": [
      3
    ],
    "6c1f9073": [
      3
    ],
    "923c5a06": [
      3
    ],
    "45e12d4b": [
      3
    ],
    "0f45f1b0": [
      4
    ],
    "2749b3f6": [
      4
    ],
    "0d8b2b81": [
      4
    ],
    "5b7ac21e": [
      4
    ],
    "483b412f": [
      1
    ],
    "6d65c4cc": [
      1
    ],
    "c494e826": [
      1
    ],
    "0db8c8f0": [
      1
    ],
    "4a5a0178": [
      1
    ],
    "fe192356": [
      1
    ],
    "7c625f78": [
      1
    ],
    "6ab05f3e": [
      1
    ],
    "083eef8a": [
      1
    ],
    "1c5b9c50": [
      1
    ],
    "69de4648": [
      2
    ],
    "550dcc5f": [
      0
    ],
    "1fed7412": [
      3
    ],
    "651361e5": [
      4
    ],
    "51ed7ed2": [
      1
    ]
  }
}