{
  "publicPath": "/dist/",
  "all": [
    "0.e99eb6f6ad3a913df1af.js",
    "1.77970900454f20b86ec6.js",
    "2.4d925b9e496ae8b98e9c.js",
    "3.e43e768294463092e66a.js",
    "vendor.fdd14c278761fda4e361.js",
    "app.1fb063823a562757c2a4.js",
    "manifest.f508aa6fe23220b1567a.js",
    "common.1fb063823a562757c2a4.css"
  ],
  "initial": [
    "manifest.f508aa6fe23220b1567a.js",
    "vendor.fdd14c278761fda4e361.js",
    "app.1fb063823a562757c2a4.js"
  ],
  "async": [
    "0.e99eb6f6ad3a913df1af.js",
    "1.77970900454f20b86ec6.js",
    "2.4d925b9e496ae8b98e9c.js",
    "3.e43e768294463092e66a.js"
  ],
  "modules": {
    "32240468": [
      5,
      7
    ],
    "4a4aa5a0": [
      4
    ],
    "819f881a": [
      4
    ],
    "19dc6410": [
      4
    ],
    "977c5788": [
      4
    ],
    "dda84ef4": [
      4
    ],
    "7c7b2aaf": [
      5,
      7
    ],
    "30fa2c1c": [
      4
    ],
    "75e6d510": [
      4
    ],
    "2f57713f": [
      4
    ],
    "b6af06c2": [
      4
    ],
    "8ca20f3e": [
      4
    ],
    "0b16b7c1": [
      5,
      7
    ],
    "341bfede": [
      5,
      7
    ],
    "5736fb69": [
      4
    ],
    "2b17dd44": [
      5,
      7
    ],
    "6f0c21bb": [
      5,
      7
    ],
    "6743138c": [
      5,
      7
    ],
    "621335d8": [
      4
    ],
    "239bac90": [
      4
    ],
    "c1d30848": [
      4
    ],
    "3b9c2ec0": [
      4
    ],
    "f175810c": [
      0
    ],
    "22d16c28": [
      0
    ],
    "2b5be7a8": [
      0
    ],
    "47341e2b": [
      0
    ],
    "28dc3429": [
      0
    ],
    "c4574c12": [
      0
    ],
    "74fa4aad": [
      0
    ],
    "15bf8aa0": [
      0
    ],
    "30ada8da": [
      1
    ],
    "46d7c570": [
      1
    ],
    "e4a76da8": [
      1
    ],
    "4c81b649": [
      1
    ],
    "3070fa1b": [
      1
    ],
    "670a66f8": [
      1
    ],
    "653471fc": [
      3
    ],
    "0d55ea6e": [
      3
    ],
    "331354c5": [
      3
    ],
    "b9d2dc70": [
      3
    ],
    "1a8fca5e": [
      2
    ],
    "21a4c79f": [
      2
    ],
    "0a7a8009": [
      2
    ],
    "586a16a6": [
      2
    ],
    "04a3a4fa": [
      0
    ],
    "faefcc0c": [
      1
    ],
    "1399f91d": [
      3
    ],
    "3d552a2e": [
      2
    ]
  }
}