{
  "publicPath": "/dist/",
  "all": [
    "0.0b97f76e3295c8a82f12.js",
    "1.db8946994c25c8498364.js",
    "2.a188a21d05864aece6b4.js",
    "3.61535286baeb8cc38d17.js",
    "4.1ee1fb852ec6442e135d.js",
    "vendor.7e55d7bb0f84e801cd24.js",
    "app.3a918e5e2ca8546521c6.js",
    "manifest.ce5fe20d7611659e5490.js",
    "common.3a918e5e2ca8546521c6.css"
  ],
  "initial": [
    "manifest.ce5fe20d7611659e5490.js",
    "vendor.7e55d7bb0f84e801cd24.js",
    "app.3a918e5e2ca8546521c6.js"
  ],
  "async": [
    "0.0b97f76e3295c8a82f12.js",
    "1.db8946994c25c8498364.js",
    "2.a188a21d05864aece6b4.js",
    "3.61535286baeb8cc38d17.js",
    "4.1ee1fb852ec6442e135d.js"
  ],
  "modules": {
    "23550361": [
      1
    ],
    "32240468": [
      6,
      8
    ],
    "819f881a": [
      5
    ],
    "4a4aa5a0": [
      5
    ],
    "19dc6410": [
      5
    ],
    "977c5788": [
      5
    ],
    "dda84ef4": [
      5
    ],
    "4b082728": [
      6,
      8
    ],
    "30fa2c1c": [
      5
    ],
    "75e6d510": [
      5
    ],
    "2f57713f": [
      5
    ],
    "b6af06c2": [
      5
    ],
    "8ca20f3e": [
      5
    ],
    "4eef056a": [
      6,
      8
    ],
    "77f44c87": [
      6,
      8
    ],
    "5736fb69": [
      5
    ],
    "13c91298": [
      6,
      8
    ],
    "7ab38711": [
      6,
      8
    ],
    "299cb769": [
      6,
      8
    ],
    "27868e0e": [
      6,
      8
    ],
    "a9dbb3d4": [
      6,
      8
    ],
    "6743138c": [
      6,
      8
    ],
    "621335d8": [
      5
    ],
    "239bac90": [
      5
    ],
    "c1d30848": [
      5
    ],
    "3b9c2ec0": [
      5
    ],
    "2fab8371": [
      2
    ],
    "d204e43a": [
      2
    ],
    "72e468e2": [
      2
    ],
    "42b5d3d2": [
      2
    ],
    "325b4677": [
      0
    ],
    "dcec3f58": [
      0
    ],
    "73a2e3bc": [
      0
    ],
    "8ad225ce": [
      0
    ],
    "ce7705e6": [
      0
    ],
    "5d78d25b": [
      0
    ],
    "0272ec32": [
      0
    ],
    "71ebd82c": [
      0
    ],
    "443138ec": [
      0
    ],
    "126a757c": [
      0
    ],
    "54c648fe": [
      3
    ],
    "7dbe53f3": [
      3
    ],
    "9886a5b6": [
      3
    ],
    "8f392e30": [
      3
    ],
    "0f45f1b0": [
      4
    ],
    "2749b3f6": [
      4
    ],
    "0d8b2b81": [
      4
    ],
    "5b7ac21e": [
      4
    ],
    "03ab0078": [
      1
    ],
    "1432138f": [
      1
    ],
    "f7955edc": [
      1
    ],
    "0d654d48": [
      1
    ],
    "2fe6c639": [
      1
    ],
    "7c625f78": [
      1
    ],
    "6ab05f3e": [
      1
    ],
    "2d090874": [
      2
    ],
    "759a1fd1": [
      0
    ],
    "5e90824d": [
      3
    ],
    "651361e5": [
      4
    ],
    "dccfcd08": [
      1
    ]
  }
}