{
  "publicPath": "/dist/",
  "all": [
    "0.643981ec5a1c3e674f34.js",
    "1.f3896bc65323f8cbe2ad.js",
    "2.7c4efca56fbb2b9b5ed5.js",
    "3.c1cd05f94298aec70264.js",
    "vendor.2b90f2e7b6d393e8ecf3.js",
    "app.beaae4c24f0f37451881.js",
    "manifest.7d5671895f88460da491.js",
    "common.beaae4c24f0f37451881.css"
  ],
  "initial": [
    "manifest.7d5671895f88460da491.js",
    "vendor.2b90f2e7b6d393e8ecf3.js",
    "app.beaae4c24f0f37451881.js"
  ],
  "async": [
    "0.643981ec5a1c3e674f34.js",
    "1.f3896bc65323f8cbe2ad.js",
    "2.7c4efca56fbb2b9b5ed5.js",
    "3.c1cd05f94298aec70264.js"
  ],
  "modules": {
    "32240468": [
      5,
      7
    ],
    "55110682": [
      0
    ],
    "819f881a": [
      4
    ],
    "4a4aa5a0": [
      4
    ],
    "19dc6410": [
      4
    ],
    "977c5788": [
      4
    ],
    "dda84ef4": [
      4
    ],
    "05305cc9": [
      5,
      7
    ],
    "30fa2c1c": [
      4
    ],
    "75e6d510": [
      4
    ],
    "2f57713f": [
      4
    ],
    "b6af06c2": [
      4
    ],
    "8ca20f3e": [
      4
    ],
    "0b22e3a1": [
      5,
      7
    ],
    "34282abe": [
      5,
      7
    ],
    "5736fb69": [
      4
    ],
    "2b17dd44": [
      5,
      7
    ],
    "6f0c21bb": [
      5,
      7
    ],
    "299cb769": [
      5,
      7
    ],
    "27868e0e": [
      5,
      7
    ],
    "a9dbb3d4": [
      5,
      7
    ],
    "6743138c": [
      5,
      7
    ],
    "621335d8": [
      4
    ],
    "239bac90": [
      4
    ],
    "c1d30848": [
      4
    ],
    "3b9c2ec0": [
      4
    ],
    "5d5d0264": [
      1
    ],
    "76a1e654": [
      1
    ],
    "2b5be7a8": [
      1
    ],
    "47341e2b": [
      1
    ],
    "5baa984b": [
      1
    ],
    "485eef64": [
      1
    ],
    "46cd5891": [
      0
    ],
    "b4081b24": [
      0
    ],
    "807068a8": [
      0
    ],
    "948d156e": [
      0
    ],
    "25c8e97c": [
      0
    ],
    "6cbcf2d9": [
      0
    ],
    "10c32771": [
      0
    ],
    "2a7d4580": [
      0
    ],
    "4d372d4e": [
      0
    ],
    "2d1b3038": [
      2
    ],
    "dcd83f54": [
      2
    ],
    "331354c5": [
      2
    ],
    "b9d2dc70": [
      2
    ],
    "0f45f1b0": [
      3
    ],
    "2749b3f6": [
      3
    ],
    "0d8b2b81": [
      3
    ],
    "5b7ac21e": [
      3
    ],
    "6db2f39a": [
      1
    ],
    "32e2b863": [
      0
    ],
    "4f73a920": [
      2
    ],
    "651361e5": [
      3
    ]
  }
}